APPLICATION_ID,ACTIVITY,ADMINISTERING_IC,APPLICATION_TYPE,ARRA_FUNDED,AWARD_NOTICE_DATE,BUDGET_START,BUDGET_END,CFDA_CODE,CORE_PROJECT_NUM,ED_INST_TYPE,FOA_NUMBER,FULL_PROJECT_NUM,FUNDING_ICs,FUNDING_MECHANISM,FY,IC_NAME,NIH_SPENDING_CATS,ORG_CITY,ORG_COUNTRY,ORG_DEPT,ORG_DISTRICT,ORG_DUNS,ORG_FIPS,ORG_NAME,ORG_STATE,ORG_ZIPCODE,PHR,PI_IDS,PI_NAMEs,PROGRAM_OFFICER_NAME,PROJECT_START,PROJECT_END,PROJECT_TERMS,PROJECT_TITLE,SERIAL_NUMBER,STUDY_SECTION,STUDY_SECTION_NAME,SUBPROJECT_ID,SUFFIX,SUPPORT_YEAR,DIRECT_COST_AMT,INDIRECT_COST_AMT,TOTAL_COST,TOTAL_COST_SUB_PROJECT
9050918,F31,DA,1,N,9/1/2016,9/15/2016,9/14/2017,279,F31DA041188,,PA-14-147,1F31DA041188-01,NIDA:33276\,"TRAINING, INDIVIDUAL",2016,NATIONAL INSTITUTE ON DRUG ABUSE,,MONTREAL,CANADA,,,205667090,CA,MCGILL UNIVERSITY,QC,H3A 0G4,"PUBLIC HEALTH RELEVANCE: Adolescence is the period in which individuals are most likely to start taking drugs of abuse. However, adolescent drug users also have the highest risk of progressing from recreational drug use to addiction. Understanding the mechanisms accounting for the age-dependent effects of drug exposure will assist in the development of individualized prevention and treatment strategies to combat addiction.",12565057; ,"REYNOLDS, LAUREN MACKENZIE;","BABECKI, BETH ",9/15/2016,9/14/2019,18 year old; Accounting; addiction; Address; Adolescence; Adolescent; Adolescent Development; Adult; age related; Alcohol or Other Drugs use; Amphetamines; Axon; Behavior; Behavioral; Behavioral inhibition; Brain; Brain region; Cognition; Cognitive; cognitive function; cognitive process; combat; Consumption; critical period; Cues; DCC gene; Development; Dopamine; dopamine system; dopaminergic neuron; Dose; Drug Exposure; drug of abuse; Drug usage; Drug user; early adolescence; Event; Exposure to; Fiber; Genes; Goals; high risk; Human; Individual; individualized medicine; individualized prevention; Intervention; Knowledge; Lead; Medial; Mediating; Molecular; Motivation; mouse model; Mus; nerve supply; Neurobiology; neuron development; neuronal circuitry; NTN1 gene; Pattern; Pharmaceutical Preparations; Prefrontal Cortex; prevent; Prevention strategy; Process; public health relevance; receptor; receptor expression; recreational drug use; Research; research study; Rewards; Risk; Rodent; Role; Signal Transduction; Structure; Substance abuse problem; Substance Addiction; Techniques; Testing; Transfection; treatment strategy; Variant; ,Amphetamine During Adolescence Reroutes Mesolimbic Dopamine Axons to the Prefrontal Cortex via DCC Signaling,41188,ZRG1,Special Emphasis Panel ,,,1,33276,,33276,
9192659,F32,AI,1,N,6/17/2016,9/1/2016,8/31/2017,855,F32AI126701,SCHOOLS OF MEDICINE,PA-14-149,1F32AI126701-01,NIAID:58002\,"TRAINING, INDIVIDUAL",2016,NATIONAL INSTITUTE OF ALLERGY AND INFECTIOUS DISEASES,,STANFORD,UNITED STATES,PEDIATRICS,18,9214214,US,STANFORD UNIVERSITY,CA,943041222,"PROJECT NARRATIVE The interplay between HLA-DM and its inhibitor HLA-DO affects MHC class II?restricted antigen presentation, yet the precise mechanism is unclear. This project will study how HLA-DO expression regulates HLA-DM localization and thus its function. Furthermore, the changes in the repertoire of peptides bound to MHC class II will be characterized in relationship to the DO/DM ratio. Understanding the mechanisms that control MHC class II?restricted antigen presentation may allow development of new strategies to maintain or regain tolerance to self proteins.  ",14097998; ,"ADLER, LITAL NOAH;","GONDRE-LEWIS, TIMOTHY A.",9/1/2016,8/31/2018,Acids; Address; Affect; Affinity; Alleles; Alzheimer disease prevention; Antibodies; Antigen Presentation; Antigen Presentation Pathway; Antigen-Presenting Cells; Antigens; Autoantigens; Autoimmunity; B-Cell Lymphomas; Binding; Biological Assay; biophysical properties; Cell Fractionation; Cell Line; Cells; Complex; Cytoplasmic Tail; Data; Destinations; Development; Dissociation; Early treatment; Effector Cell; Epithelial Cells; Flow Cytometry; Genetic Engineering; genetically modified cells; Histocompatibility Antigens Class II; Immunotherapy; inhibitor/antagonist; invariant chain; Knowledge; Major Histocompatibility Complex; Mass Spectrum Analysis; Measures; Mediating; Microscopy; Molecular; novel strategies; Output; Peptides; Process; Proteins; Regulation; Regulatory T-Lymphocyte; Research; research study; Resolution; Site-Directed Mutagenesis; Source; stem; Surface; System; TNFRSF10A gene; trafficking; Viral Tumor Antigens; Western Blotting; ,What Antigen Presenting Cells DO to fine tune the antigen editing of DM,126701,ZRG1,Special Emphasis Panel ,,,1,58002,,58002,
9192739,F32,GM,1,N,8/23/2016,9/1/2016,8/31/2017,859,F32GM121071,SCHOOLS OF MEDICINE,PA-14-149,1F32GM121071-01,NIGMS:56118\,"TRAINING, INDIVIDUAL",2016,NATIONAL INSTITUTE OF GENERAL MEDICAL SCIENCES,,ATLANTA,UNITED STATES,RADIATION-DIAGNOSTIC/ONCOLOGY,5,66469933,US,EMORY UNIVERSITY,GA,303224250,"PROJECT NARRATIVE DNA double-strand break repair (DSBR) pathways are critical for maintaining genome integrity and mediating resistance of cancer cells to many types of cancer treatments, including chemotherapy and ionizing radiation (IR). This proposal will define the mechanisms by which SAMHD1 functions to promote DNA DSBR by homologous recombination and thus provide new insights into how SAMHD1 maintains genome integrity and prevents disease, including cancer. Moreover, given the unique ability of SAMHD1 to regulate cellular dNTP pools and metabolize DNA, SAMHD1 may also function as an important biomarker for discriminating resistance of cancer cells to different types of cancer therapies that induce DNA damage, including chemotherapy and IR.",10315763; ,"DADDACHA, WAAQO BORU;","MAAS, STEFAN ",9/1/2016,08/31/0017,Acquired Immunodeficiency Syndrome; base; Biochemical; Biological; Biological Markers; cancer cell; cancer therapy; Cells; chemotherapy; Chronic Lymphocytic Leukemia; Clinical; Co-Immunoprecipitations; Critical Pathways; Data; Diagnostic; Disease; DNA; DNA Damage; DNA Double Strand Break; Double Strand Break Repair; Excision; Exonuclease; Genetic; Genetic Recombination; genome integrity; HIV-1; homologous recombination; In Vitro; in vivo; Infection; inhibitor/antagonist; insight; Ionizing radiation; Malignant Neoplasms; Mediating; Mediator of activation protein; Mutation; Nonhomologous DNA End Joining; novel; nuclease; Nucleotides; p53-binding protein 1; Pathway interactions; Phosphorylation; Play; Post-Translational Protein Processing; prevent; protein protein interaction; Proteins; pseudotoxoplasmosis syndrome; Recruitment Activity; repaired; Reporter; research study; Resistance; response; Reverse Transcription; Role; SAM Domain; Site; System; Testing; Therapeutic; tool; XRCC5 gene; ,Functions of SAMHD1 in DNA Double-strand Break Repair,121071,ZRG1,Special Emphasis Panel ,,,1,56118,,56118,
9258104,F30,MH,1,N,8/24/2016,9/20/2016,9/19/2017,242,F30MH112312,SCHOOLS OF MEDICINE,PA-14-150,1F30MH112312-01,NIMH:43788\,"TRAINING, INDIVIDUAL",2016,NATIONAL INSTITUTE OF MENTAL HEALTH,,HOUSTON,UNITED STATES,NEUROSCIENCES,9,51113330,US,BAYLOR COLLEGE OF MEDICINE,TX,770303411,"8. PROJECT NARRATIVE  The neocortex is important in perception and cognition, but the number and complexity of interactions between cortical neurons necessitates greater understanding of fundamental principles of neocortical organization at the local circuit level (tens to hundreds of neurons) in order to unravel the mechanisms of high level brain functions. This project will examine the functional and connectivity principles of developmentally related neurons, and how that relationship leads to excitatory neuron integration into the circuit and organization of cortical function. The results of this project will have the potential to reveal fundamental new insights into how the cortex processes incoming information and will thus enable a more principled understanding of normal and abnormal brain function, with broad implications for a wide range of currently intractable neuropsychiatric illnesses such as autism and schizophrenia.",11530010; ,"FAHEY, PAUL GERRARD;","DRISCOLL, JAMIE ",9/20/2016,9/19/2019,Address; Adult; area striata; Autistic Disorder; Brain; brain research; Calcium; Cells; Cognition; Complex; Cortical Column; Development; Dimensions; Electrophysiology (science); excitatory neuron; Exhibits; Frequencies; hippocampal pyramidal neuron; Hippocampus (Brain); Image; improved; in vivo; Individual; inhibitory neuron; insight; Interneurons; Location; Maintenance; Measures; multi-photon; Mus; Neocortex; neocortical; Neurons; neuropsychiatry; novel; Output; Pattern; Perception; Photons; Play; Process; Property; receptive field; Recording of previous events; Research; research study; Role; Schizophrenia; Sensory; sensory input; Surface; Synapses; synaptogenesis; System; Testing; two-photon; Visual; Visual Cortex; Work; ,Feature Selectivity and Interneuron Connectivity Principles of Clonally-Related Excitatory Neurons in Mouse Primary Visual Cortex,112312,ZRG1,Special Emphasis Panel ,,,1,43788,,43788,
9325379,Y01,NS,,N,,,,853,Y01NS150050,,,ANS15005001-1-0-1,NINDS:275000\,INTERAGENCY AGREEMENTS,2016,NATIONAL INSTITUTE OF NEUROLOGICAL DISORDERS AND STROKE,,,,,,,,NATIONAL INSTITUTE OF NEUROLOGICAL DISORDERS AND STROKE,,,,; ,",  ;",,,,Funding; National Health Interview Survey; National Institute of Neurological Disorders and Stroke; Pain; ,High Impact Pain Questions in the 2016 and 2017 National Health Interview Survey,,,,,,,,,275000,
9325817,F31,DA,1,N,9/2/2016,9/15/2016,9/14/2017,279,F31DA041188,,PA-14-147,1F31DA041188-01X1,NIDA:4200\,"TRAINING, INDIVIDUAL",2016,NATIONAL INSTITUTE ON DRUG ABUSE,,MONTREAL,CANADA,,,205667090,CA,MCGILL UNIVERSITY,QC,H3A 0G4,"Adolescence is the period in which individuals are most likely to start taking drugs of abuse. However, adolescent drug users also have the highest risk of progressing from recreational drug use to addiction. Understanding the mechanisms accounting for the age-dependent effects of drug exposure will assist in the development of individualized prevention and treatment strategies to combat addiction.",12565057; ,"REYNOLDS, LAUREN MACKENZIE;","BABECKI, BETH ",9/15/2016,9/14/2019,18 year old; Accounting; addiction; Address; Adolescence; Adolescent; Adolescent Development; Adult; age related; Alcohol or Other Drugs use; Amphetamines; Axon; Behavior; Behavioral; Behavioral inhibition; Brain; Brain region; Cognition; Cognitive; cognitive function; cognitive process; combat; Consumption; critical period; Cues; DCC gene; Development; Dopamine; dopamine system; dopaminergic neuron; Dose; Drug Exposure; drug of abuse; Drug usage; Drug user; early adolescence; Event; Exposure to; Fiber; Genes; Goals; high risk; Human; Individual; individualized medicine; individualized prevention; Intervention; Knowledge; Lead; Medial; Mediating; Molecular; Motivation; mouse model; Mus; nerve supply; Neurobiology; neuron development; neuronal circuitry; NTN1 gene; Pattern; Pharmaceutical Preparations; Prefrontal Cortex; prevent; Prevention strategy; Process; receptor; receptor expression; recreational drug use; Research; research study; Rewards; Risk; Rodent; Role; Signal Transduction; Structure; Substance abuse problem; Substance Addiction; Techniques; Testing; Transfection; treatment strategy; Variant; ,Amphetamine During Adolescence Reroutes Mesolimbic Dopamine Axons to the Prefrontal Cortex via DCC Signaling,41188,ZRG1,Special Emphasis Panel ,,X1,1,4200,,4200,
9193920,F31,MH,1,N,9/2/2016,9/2/2016,9/1/2017,242,F31MH108349,SCHOOLS OF ARTS AND SCIENCES,PA-14-148,1F31MH108349-01A1,NIMH:43576\,"TRAINING, INDIVIDUAL",2016,NATIONAL INSTITUTE OF MENTAL HEALTH,,SALT LAKE CITY,UNITED STATES,PSYCHOLOGY,2,9095365,US,UNIVERSITY OF UTAH,UT,841128930,"Project Narrative Self-injurious thoughts and behaviors (SITBs), including suicide, are a major public health concern in the United States. Sleep disturbance has been identified as a significant precursor to SITBs, particularly among individuals exhibiting high baseline risk for suicide. Overall, findings from this research will provide more information on impaired self-regulatory capacity as a potential mechanism underlying this association, with the ultimate goal of reducing rates of SITBs, as well as the related economic and moral costs.",12435282; ,"GROVE, JEREMY ;","CHAVEZ, MARK ",9/2/2016,9/1/2018,actigraphy; Acute; Adolescent; Adult; base; Behavior; Behavioral; Biological Markers; Borderline Personality Disorder; Cause of Death; Characteristics; Clinical; Cognitive; Collection; Consensus; cost; Data; Economics; Elderly; Emotional; Emotions; Exhibits; experience; Frequencies; Future; Goals; High Prevalence; high risk; improved; indexing; Individual; Informal Social Control; Laboratories; Link; Measures; Mediating; Mediator of activation protein; Medical; Methods; Morals; negative affect; Outpatients; Pathway interactions; Patient Self-Report; Persons; Population; Preventive Intervention; Productivity; programs; Psychopathology; Psychophysiology; Public Health; Regulation; Research; Research Methodology; Research Training; Resources; respiratory; response; Rest; Risk; Risk Behaviors; Risk Factors; Sampling; Self-control as a personality trait; Sinus Arrhythmia; Sleep; Sleep Disorders; Sleep disturbances; Stimulus; Stress; stressor; suicidal; suicidal behavior; suicidal risk; Suicide; Suicide attempt; suicide rate; Supervision; Testing; theories; Thinking; Time; Training; United States; Writing; ,Testing pathways linking sleep quality to self-injurious thoughts and behaviors,108349,ZRG1,Special Emphasis Panel ,,A1,1,43576,,43576,
9261071,F31,NR,1,N,9/21/2016,9/30/2016,9/29/2017,361,F31NR016397,SCHOOLS OF NURSING,PA-14-148,1F31NR016397-01A1,NINR:43576\,"TRAINING, INDIVIDUAL",2016,NATIONAL INSTITUTE OF NURSING RESEARCH,,BALTIMORE,UNITED STATES,OTHER HEALTH PROFESSIONS,7,1910777,US,JOHNS HOPKINS UNIVERSITY,MD,212051832,"Project Narrative  Adolescents and young adult women (?young women?) diagnosed with pelvic inflammatory disease (PID) are at increased risk for subsequent sexually transmitted infections (STIs), recurrent PID, and adverse reproductive health outcomes. Little is known about the contextual influences on PID self-care behaviors among young women. Therefore, the purpose of this dissertation research training proposal is to examine the context and processes of PID self-care among young women, with a focus on coping strategies and social support, using the infrastructure of a large ongoing nurse intervention trial designed to improve reproductive health outcomes after a PID diagnosis.",12164128; ,"TILLMAN, JESSICA LYNN;","BANKS, DAVID ",9/30/2016,9/29/2018,abstracting; Acute Disease; Adherence; Adolescent; Adolescent and Young Adult; Behavior; career; Caring; Centers for Disease Control and Prevention (U.S.); Chronic; chronic pelvic pain; Clinical; Coitus; Community Health Nurse Specialist; Community Health Nursing; consistent condom use; coping; Data; Data Collection; design; Development; Diagnosis; disease diagnosis; disorder prevention; Ectopic Pregnancy; effective intervention; empowered; experience; Female; Fertility; follow-up; Funding; Future; Health; health related quality of life; Hour; improved; Infection prevention; Infertility; Instruction; instrument; Intervention; Intervention Trial; Interview; Measures; medical appointment; medication compliance; Methods; Modeling; National Institute of Nursing Research; Nurses; nursing intervention; Outcome; Outpatients; Parents; Participant; Partner Notification; Patient Education; Pelvic Inflammatory Disease; Persons; Pharmaceutical Preparations; prevent; Process; Protocols documentation; Psychosocial Factor; Qualitative Research; Randomized Controlled Trials; Recommendation; Recurrence; Reporting; Reproductive Health; Research; Research Infrastructure; Research Methodology; Research Training; Risk; Sampling Studies; Scientist; Self Care; Sexual Abstinence; Sexual Health; Sexually Transmitted Diseases; Social support; Stress and Coping; Structure; Technology; Training; treatment adherence; treatment duration; trial design; United States; Visit; Woman; young woman; ,The Influences of Coping Strategies and Social Support on Self-care Behaviors among Young Women with Pelvic Inflammatory Disease,16397,NRRC,National Institute of Nursing Research Initial Review Group ,,A1,1,43576,,43576,
9325375,Y01,NS,,N,,,,853,Y01NS130010,,,ANS13001001-1-0-1,NINDS:135000\,INTERAGENCY AGREEMENTS,2016,NATIONAL INSTITUTE OF NEUROLOGICAL DISORDERS AND STROKE,,,,,,,,NATIONAL INSTITUTE OF NEUROLOGICAL DISORDERS AND STROKE,,,,; ,",  ;",,,,Agreement; Health; Heart Diseases; Measures; National Health Interview Survey; stroke; Surveys; United States National Center for Health Statistics; ,Health People 2020 Initiative: Heart Disease and Stroke survey,,,,,,,,,135000,
9123069,F31,EY,1,N,9/28/2016,9/30/2016,9/29/2017,867,F31EY026791,SCHOOLS OF ARTS AND SCIENCES,PA-14-147,1F31EY026791-01,NEI:32858\,"TRAINING, INDIVIDUAL",2016,NATIONAL EYE INSTITUTE,,NEW YORK,UNITED STATES,NEUROLOGY,12,41968306,US,NEW YORK UNIVERSITY,NY,100122300,"PUBLIC HEALTH RELEVANCE: Amblyopia is a developmental disorder of the visual system that affects an estimated 3-5% of children. It is characterized by deficits such as decreased acuity, impaired depth perception, and impaired object recognition. The neural basis of this disorder, however, is poorly understood.",11605374; ,"BUSHNELL, BRITTANY ;","AGARWAL, NEERAJ ",9/30/2016,9/29/2019,Accounting; Affect; Amblyopia; Animal Model; Animals; area V4; base; Behavior; behavior measurement; Behavioral; Cells; Characteristics; Child; Contrast Sensitivity; Control Animal; critical period; Cues; Data; Depth Perception; Detection; Development; developmental disease/disorder; Diagnostic; Discrimination; Disease; Exhibits; extrastriate visual cortex; Eye; Form Perception; Frequencies; Measurement; Measures; Motion; Nature; neuromechanism; Neurons; nonhuman primate; object recognition; Perception; Performance; Physiological; Physiology; Process; Property; Psychophysics; public health relevance; Publishing; relating to nervous system; Reporting; research study; response; sensory stimulus; Series; Shapes; Signal Transduction; Space Perception; stem; Stimulus; Stream; Testing; V4 neuron; Vision; vision development; Vision Disorders; Visual; Visual system structure; ,Characterization of neural and perceptual deficits in amblyopic nonhuman primates,26791,ZRG1,Special Emphasis Panel ,,,1,32858,,32858,
9189320,F32,AI,1,N,5/13/2016,6/1/2016,5/31/2017,855,F32AI122486,SCHOOLS OF MEDICINE,PA-14-149,1F32AI122486-01A1,NIAID:58002\,"TRAINING, INDIVIDUAL",2016,NATIONAL INSTITUTE OF ALLERGY AND INFECTIOUS DISEASES,,NEW YORK,UNITED STATES,MICROBIOLOGY/IMMUN/VIROLOGY,12,121911077,US,NEW YORK UNIVERSITY SCHOOL OF MEDICINE,NY,100165802,PROJECT NARRATIVE Staphylococcus aureus is a major human pathogen and its infections have become increasingly common and difficult to treat clinically. This application seeks to determine how the S. aureus toxin LukAB kills cells of the human immune system. Knowledge gained from these experiments may provide the foundation toward development of effective treatment strategies against S. aureus mediated diseases.  ,12037388; ,"JAMES, DAVID B.A;","HUNTLEY, CLAYTON C.",6/1/2016,5/31/2019,Address; Amino Acid Sequence; Amino Acids; Antibody Response; bacterial genetics; Binding; Biochemistry; Biological Assay; Cell Death; cell killing; Cell Line; cell type; Cells; Cessation of life; Child; Clinical; clinically relevant; cohort; Communities; Complex; cytokine; Cytolysis; Cytoplasmic Tail; cytotoxic; cytotoxicity; Data; Dendritic Cells; Development; dimer; Disease; effective therapy; Exhibits; Foundations; Future; G-Protein-Coupled Receptors; gain of function; genetic variant; Goals; Healthcare; Human; Immune; Immune system; Immunologics; In Vitro; in vivo; Infection; inhibitor/antagonist; insight; Integration Host Factors; Integrins; ITGAM gene; ITGB2 gene; Killings; knock-down; Knock-out; Knowledge; Leucocidin; Leukocytes; Life; macrophage; Macrophage-1 Antigen; Mammalian Genetics; Mediating; methicillin resistant Staphylococcus aureus; Methods; Modeling; monocyte; mutant; Nature; neutrophil; novel; pathogen; Pathogenesis; Pathway interactions; Phagocytosis; Pneumonia; Production; Protein Tyrosine Kinase; receptor; Recurrence; Reporting; Research; research study; response; Role; Serum; Severities; Signal Transduction; Signaling Molecule; Signaling Protein; skin abscess; small hairpin RNA; small molecule inhibitor; Staphylococcus aureus; Surface; Tail; Testing; Therapeutic; Toxin; treatment strategy; United States; Variant; Viral; Virulence; Virulence Factors; ,Deciphering the cellular signals emanating from Staphylococcus aureus LukAB interaction with host-receptor that result in immune cell death,122486,ZRG1,Special Emphasis Panel ,,A1,1,58002,,58002,
9191431,F32,GM,1,N,8/9/2016,9/1/2016,8/31/2017,859,F32GM120823,SCHOOLS OF ARTS AND SCIENCES,PA-14-149,1F32GM120823-01,NIGMS:54294\,"TRAINING, INDIVIDUAL",2016,NATIONAL INSTITUTE OF GENERAL MEDICAL SCIENCES,,ROCHESTER,UNITED STATES,CHEMISTRY,25,41294109,US,UNIVERSITY OF ROCHESTER,NY,146270140,"Due to their use of low-cost, non-toxic metals, the iron-catalyzed cross-coupling reactions to be investigated in this proposal offer the potential for the development of sustainable catalytic systems for use in the health sciences. The proposed research is relevant to public health and the mission of the NIH because it is from these low-cost, sustainable methods that affordable routes to the next generation of pharmaceuticals and molecular probes will be discovered.",11075139; ,"MUNOZ, SALVADOR BENITO;","LEES, ROBERT G.",9/1/2016,8/31/2018,Achievement; Address; Area; base; Breathing; carbene; Catalysis; catalyst; Chemicals; Chemistry; Clinical; cost; Coupling; density; design; Development; Evaluation; Foundations; Goals; Health; Health Sciences; Human; Hydrogen; improved; In Situ; insight; Iron; Kinetics; Ligands; Light; Metals; Methodology; Methods; Mission; Molecular; Molecular Probes; Motivation; Natural Products; Nature; next generation; novel; Outcome; Palladium; Performance; Pharmaceutical Chemistry; Pharmacologic Substance; Platinum; Procedures; Production; Public Health; Reaction; Reagent; Research; Role; Route; Salts; Sodium Chloride; Solvents; Spectrum Analysis; Structure; success; Sustainable Development; System; theories; Toxic effect; Transition Elements; United States National Institutes of Health; Work; ,Elucidation of Active Iron Species and Mechanism in Simple Iron Salt and Iron-N-Heterocyclic Carbene Catalyzed C-C Cross-Couplings,120823,ZRG1,Special Emphasis Panel ,,,1,54294,,54294,
9192358,F32,HS,1,N,9/15/2016,9/30/2016,9/29/2017,225,F32HS024858,OVERALL MEDICAL,PA-12-261,1F32HS024858-01,AHRQ:54410\,"TRAINING, INDIVIDUAL",2016,AGENCY FOR HEALTHCARE RESEARCH AND QUALITY,,CHAPEL HILL,UNITED STATES,SOCIAL SCIENCES,4,608195277,US,UNIV OF NORTH CAROLINA CHAPEL HILL,NC,275990001,Project Narrative It is unclear whether increased access and changing regulations following the ACA had an effect on behavioral health service utilization and behavioral health outcomes in people with HIV. The proposed study combines a quantitative pre-post comparison of the effects of ACA implementation on behavioral health outcomes in people with HIV. This project will contribute to the study of how the Affordable Care Act affects behavioral health in people with HIV and provide a basis for evidence-based policy-making in support of this vulnerable priority population.,12200490; ,"BELENKY, NADYA ;","BENJAMIN, SHELLEY ",9/30/2016,9/29/2019,,Effects of the Affordable Care Act on the Behavioral Health of People with HIV,24858,HCRT,HSR Health Care Research Training SS ,,,1,,,,
9192395,F32,GM,1,N,8/16/2016,9/27/2016,9/26/2017,859,F32GM120981,SCHOOLS OF ARTS AND SCIENCES,PA-14-149,1F32GM120981-01,NIGMS:57042\,"TRAINING, INDIVIDUAL",2016,NATIONAL INSTITUTE OF GENERAL MEDICAL SCIENCES,,LA JOLLA,UNITED STATES,NONE,49,804355790,US,UNIVERSITY OF CALIFORNIA SAN DIEGO,CA,920930934,Project Narrative Metalloenzymes mediate many chemical transformations that are essential to life on this planet. The successful design of artificial redox-active metalloenzymes remains a significant challenge in protein design. This proposal aims to prepare artificial dicopper enzymes that catalyze the multielectron reduction of two CO2 molecules to oxalate.,12033869; ,"RITTLE, JONATHAN D;","BARSKI, OLEG ",9/27/2016,9/26/2018,Active Sites; Amino Acids; Ammonia; Binding; Bioinorganic Chemistry; biological systems; Breathing; Carbon Dioxide; Catalysis; Chemicals; Computer Simulation; Computing Methodologies; Copper; Coupling; Cytochromes; design; Development; Dioxygen; DNA Sequence Alteration; Engineering; Environment; Enzymes; Exhibits; flexibility; Generations; Housing; interfacial; Ions; Life; Ligands; Ligation; Link; Maltose; Measurement; Mediating; Metal Binding Site; metalloenzyme; Metals; Methods; Modification; monomer; Mononuclear; Motion; Nature; Oxalates; oxidation; Oxidation-Reduction; periplasm; Planets; Preparation; programs; Property; Protein Engineering; protein folding; Proteins; Reaction; receptor; receptor binding; Research; sample fixation; Site; small molecule; solid state; System; Systems Development; Testing; Water; X-Ray Crystallography; ,Preparation of Artificial Dicopper Enzymes for the Catalytic Reduction of CO2,120981,ZRG1,Special Emphasis Panel ,,,1,57042,,57042,
9197907,F31,MH,1,N,8/5/2016,9/1/2016,8/31/2017,242,F31MH111346,SCHOOLS OF MEDICINE,PA-14-147,1F31MH111346-01,NIMH:37649\,"TRAINING, INDIVIDUAL",2016,NATIONAL INSTITUTE OF MENTAL HEALTH,,SAN FRANCISCO,UNITED STATES,PUBLIC HEALTH & PREV MEDICINE,12,94878337,US,"UNIVERSITY OF CALIFORNIA, SAN FRANCISCO",CA,941186215,"Project Narrative Pre-exposure prophylaxis for the prevention of HIV infection (PrEP) has the potential to dramatically reduce global HIV transmission. However, PrEP programs are expensive and may require significant infrastructure to ensure that those taking PrEP have access to frequent testing, adherence monitoring, and counseling. This study employs novel methods to address these important barriers to successful and efficient PrEP implementation.",12555732; ,"MEHROTRA, MEGHA LYNNE;","STOFF, DAVID M.",9/1/2016,8/31/2019,Acquired Immunodeficiency Syndrome; Address; Adherence; AIDS prevention; base; Behavior; Biometry; career; Centers for Disease Control and Prevention (U.S.); Characteristics; Clinic; Clinical; Clinical Research; Clinical Trials; cohort; Communities; Control Groups; Counseling; Data; demographics; District of Columbia; Effectiveness; Effectiveness of Interventions; Ensure; Environment; Epidemic; Epidemiologist; Epidemiology; Face; FDA approved; Floods; Foundations; Future; Goals; Guidelines; HIV; HIV Infections; implementation science; Incidence; Individual; infancy; insight; Intention; Intervention; men who have sex with men; Mentors; Mentorship; Methods; Modeling; Monitor; National Institute of Mental Health; novel; open label; optimism; Oral; Play; Policies; Policy Maker; Population; Population Characteristics; Prevention; Prevention program; programs; Prophylactic treatment; Public Health; Randomized; randomized placebo controlled trial; Recruitment Activity; Research; Research Infrastructure; Research Personnel; Research Priority; Rest; Risk; Role; Safety; San Francisco; Services; Sorting - Cell Movement; Strategic Planning; Structure; study population; Subgroup; success; Target Populations; Testing; Training; transgender women; transmission process; treatment effect; truvada; United States National Institutes of Health; uptake; Work; ,Transportability of Causal Effects to Inform HIV Pre-exposure Prophylaxis Implementation,111346,ZRG1,Special Emphasis Panel ,,,1,37649,,37649,
9258094,F31,NR,1,N,9/21/2016,9/30/2016,9/29/2017,361,F31NR016620,SCHOOLS OF NURSING,PA-14-147,1F31NR016620-01A1,NINR:35105\,"TRAINING, INDIVIDUAL",2016,NATIONAL INSTITUTE OF NURSING RESEARCH,,CHAPEL HILL,UNITED STATES,NONE,4,608195277,US,UNIV OF NORTH CAROLINA CHAPEL HILL,NC,275990001,"NARRATIVE Chronic illness morbidity has begun to plateau amongst elderly populations, but is on the rise amongst lower- SES, working-age adults. This trend is reflected in the successes of public health officials in engaging elderly, higher-income populations in evidence-based chronic illness self-management programs, but a simultaneous lack of engagement of younger, lower-SES adults reported in the self-management literature. As rates of chronic illness morbidity and mortality and SES-related health disparities climb amongst this age-group, it is more important than ever to identify communication cues that will effectively engage their interest in participating in self-management program research to study and extend the benefits of enhanced self- management to this vulnerable population.",12380494; ,"HORRELL, LINDSEY ;","BANKS, DAVID ",9/30/2016,9/29/2018,Adult; Advertisements; Affect; Age; age group; Ancillary Study; Behavioral; career; Centers for Disease Control and Prevention (U.S.); Characteristics; Chronic; Chronic Disease; Cognitive; Communication; Comorbidity; Cues; daily functioning; Data; design; Development; disability; Discipline of Nursing; economic outcome; Elderly; Emotional; Employee Strikes; Employment; Enrollment; Ethnic Origin; evidence base; experience; Face; Faculty; Failure; Family; Funding; Future; Gender; Goals; Health; Health behavior; Health Communication; health disparity; health economics; health equity; Health system; Healthy People 2020; High-Income Populations; improved; Individual; innovation; interest; Intervention; Knowledge; Lead; Life; Literature; Low income; low socioeconomic status; Measures; member; Mentorship; Methods; Modeling; Morbidity - disease rate; mortality; Motivation; North Carolina; novel; Nurses; Outcome; Outcome Study; Parents; Participant; Play; Population; population health; preference; Process; programs; Psyche structure; Public Health; Public Health Nurses; Public Health Nursing; Race; Randomized Controlled Trials; Reporting; Research; Research Personnel; Sampling; Science; Scientist; Seasons; Self Management; Socioeconomic Status; socioeconomics; success; Testing; theories; Time; Training; Training Support; Translating; trend; Underserved Population; Universities; Vulnerable Populations; web site; Work; young adult; ,Communication Cues to Engage Lower-SES Adults in Self-Management,16620,NRRC,National Institute of Nursing Research Initial Review Group ,,A1,1,35105,,35105,
9259432,F30,AG,1,N,9/15/2016,9/16/2016,9/15/2017,866,F30AG055283,ORGANIZED RESEARCH UNITS,PA-14-150,1F30AG055283-01,NIA:48576\,"TRAINING, INDIVIDUAL",2016,NATIONAL INSTITUTE ON AGING,,CHAMPAIGN,UNITED STATES,NONE,13,41544081,US,UNIVERSITY OF ILLINOIS AT URBANA-CHAMPAIGN,IL,618207473,"Project Narrative  Changes in the capillaries of the brain with age have been observed in post-mortem studies using histology. These changes have been observed to be more pronounced and severe with neurodegenerative disorders such as Alzheimer's disease. We propose to use diffusion weighted Magnetic Resonance Imaging (MRI) to derive quantitative biomarkers to measure the state of the microvasculature in the brain, without using invasive or destructive histology..",12306440; ,"CERJANIC, ALEXANDER MICHAEL;","WISE, BRADLEY C.",9/16/2016,9/15/2020,Age; aged; Aging; Alzheimer's Disease; Architecture; base; Biological Markers; Biomedical Computing; Blood; Blood capillaries; Blood flow; Blood Vessels; Blood Volume; Brain; capillary; cerebral capillary; cerebral microvasculature; Clinical; clinically relevant; Cognition; Cognition Disorders; Cognitive; cognitive function; cognitive performance; cohort; Computer software; Coupled; Data; Dementia; density; Detection; Development; Diagnosis; Diffusion; Diffusion Magnetic Resonance Imaging; diffusion weighted; Disease Progression; Environment; Estimation Techniques; Etiology; Goals; Health; High Performance Computing; Histology; Image; Image Reconstructions; Length; Link; Longitudinal Studies; Magnetic Resonance; Maps; Measurement; Measures; Modeling; Monitor; Motion; Neurodegenerative Disorders; neuroimaging; Noise; novel; open source; Output; Patients; Performance; Perfusion; Phase; Physiologic pulse; Pilot Projects; population health; Process; Research Personnel; research study; Sampling; Scheme; Severities; Signal Transduction; software development; Structure; Techniques; Technology; Time; Translating; Validation; Vascular Dementia; Work; ,Developing quantitative biomarkers for monitoring longitudinal changes in brain microvascular health,55283,ZRG1,Special Emphasis Panel ,,,1,48576,,48576,
9261985,F31,CA,1,N,9/12/2016,9/12/2016,9/11/2017,398,F31CA213997,SCHOOLS OF MEDICINE,PA-14-148,1F31CA213997-01,NCI:44406\,"TRAINING, INDIVIDUAL",2016,NATIONAL CANCER INSTITUTE,,NEW YORK,UNITED STATES,ADMINISTRATION,12,60217502,US,WEILL MEDICAL COLL OF CORNELL UNIV,NY,100654805,"PROJECT NARRATIVE Melanoma results in the majority of skin-cancer related deaths, and dismal survival rates for metastatic patients highlight the necessity of developing novel therapies. In our zebrafish melanoma model, we have shown that changes in H3K9 methyltransferase activity alter the rate of melanoma formation. In this research proposal we will use zebrafish and human melanoma cells to characterize H3K9 methyltransferase function in melanoma.",11581731; ,"MARTINEZ-MCFALINE, RAUL J.;","MCNEIL, NICOLE E",9/12/2016,9/11/2020,Affect; Alleles; BRAF gene; Brain Sarcoma; Candidate Disease Gene; Cell Line; cell type; Cells; Cessation of life; Childhood Brain Neoplasm; Disease; DNA Sequence Alteration; drug development; Enzymes; Epigenetic Process; epigenome; EZH2 gene; Family; Gene Expression; Gene Silencing; Genes; Genetic; genome editing; Guide RNA; histone demethylase; histone methylation; histone methyltransferase; Histones; Human; in vivo; Individual; interest; Killings; loss of function; Lysine; Maintenance; Malignant Neoplasms; Mediating; melanocyte; melanoma; Melanoma Cell; metaplastic cell transformation; Metastatic to; Methionine; Methylation; Methyltransferase; Modeling; Molecular; Mutation; new therapeutic target; novel; novel therapeutics; Oncogenes; Oncogenic; overexpression; Patients; Phenotype; Pigments; Play; progenitor; Proteins; Recurrence; Research Proposals; Role; SETDB1 gene; Signal Transduction; Skin Cancer; Survival Rate; SWI/SNF Family Complex; Testing; tool; Transgenes; tumor; tumor initiation; tumorigenesis; Zebrafish; ,Understanding the mechanism of H3K9 HMT mediated suppression of melanoma,213997,ZRG1,Special Emphasis Panel ,,,1,44406,,44406,
9124067,F32,GM,1,N,5/4/2016,6/1/2016,5/31/2017,859,F32GM116318,SCHOOLS OF MEDICINE,PA-14-149,1F32GM116318-01A1,NIGMS:59970\,"TRAINING, INDIVIDUAL",2016,NATIONAL INSTITUTE OF GENERAL MEDICAL SCIENCES,,LOS ANGELES,UNITED STATES,GENETICS,33,92530369,US,UNIVERSITY OF CALIFORNIA LOS ANGELES,CA,900952000,"PUBLIC HEALTH RELEVANCE:  The goal of medical genetics is to identify the genes that underlie diseases, in order to predict individuals' disease risks and suggest targets for drug development. We propose a completely novel strategy to identify causative genes that will work with extremely high resolution and speed.",12237207; ,"SADHU, MERU ;","WILLIS, KRISTINE AMALEE",6/1/2016,5/31/2017,"Affect; Animal Model; Antineoplastic Agents; Beds; Biological Assay; Biological Phenomena; cancer therapy; Cell Line; Cells; chemotherapy; Chromosome Mapping; Chromosomes, Human, Pair 9; Clustered Regularly Interspaced Short Palindromic Repeats; Control Locus; Disease; disorder risk; DNA Sequence Rearrangement; docetaxel; drug development; effective therapy; Effectiveness; Environment; Event; experience; Fluorouracil; Future; Gene Expression; Genes; Genetic; genetic linkage analysis; Genetic Polymorphism; genetic variant; Genome; genome editing; Genomic Segment; Genotype; Goals; Hereditary Disease; Human; improved; Individual; inter-individual variation; interest; Laboratories; Lead; Link; Loss of Heterozygosity; Maps; Medical Genetics; Mendelian disorder; Methods; Modeling; novel strategies; pathogen; Patients; Play; Process; public health relevance; Research; research study; Resistance; Resolution; response; Role; Saccharomyces cerevisiae; Saccharomycetales; Speed; Technology; Testing; theories; tool; trait; Treatment Efficacy; Variant; Variation (Genetics); Virulence; Work; ",Precise mapping of genetic variation using CRISPR,116318,ZRG1,Special Emphasis Panel ,,A1,1,59970,,59970,
9192638,F31,GM,1,N,8/16/2016,9/30/2016,9/29/2017,859,F31GM121016,GRADUATE SCHOOLS,PA-14-147,1F31GM121016-01,NIGMS:36816\,"TRAINING, INDIVIDUAL",2016,NATIONAL INSTITUTE OF GENERAL MEDICAL SCIENCES,,LOS ANGELES,UNITED STATES,NONE,33,92530369,US,UNIVERSITY OF CALIFORNIA LOS ANGELES,CA,900952000,"Project Narrative  The akuammiline alkaloids are a family of structurally diverse indoline- and indolenine-containing natural products that show potential biological activities to address a wide range of illnesses. I propose a synthetic route that will access multiple structural families of akuammilines, harnessing unique, late-stage structural rearrangements and complexity-generating Fischer indolizations. The synthesis of these bioactive natural products is expected to further the field of organic chemistry and therefore benefit public health.",14326795; ,"MORRILL, LUCAS ;","BARSKI, OLEG ",9/30/2016,9/29/2019,abstracting; Address; Africa; Alkaloids; Alstonia; Analgesics; Anti Inflammatory Analgesics; Anti-inflammatory; Anti-Inflammatory Agents; Apocynaceae; Attention; bioactive natural products; Biological; Biological Testing; cancer cell; cancer pain; Chemical Structure; chemical synthesis; Communities; Complex; Development; Diabetes Mellitus; drug discovery; Drug resistance; Family; Family member; flexibility; Goals; Hand; Indole Alkaloids; Indoles; indoline; Inflammation; inhibitor/antagonist; insight; LOX gene; Mental Depression; Methodology; Natural Products; Non-Insulin-Dependent Diabetes Mellitus; Opioid; Organic Chemistry; oxidation; Pharmaceutical Preparations; Phase; Plant Extracts; Plant Leaves; Plants; Play; Public Health; Reaction; Reporting; Research; Resistance; Role; Route; Simplexvirus; skeletal; Skeleton; Southeastern Asia; Staging; Structure; Testing; Therapeutic; tool; Traditional Medicine; Trees; Variant; Vincristine; ,Total Synthesis of Bioactive Complex Molecules,121016,ZRG1,Special Emphasis Panel ,,,1,36816,,36816,
9193819,F31,AI,1,N,8/1/2016,8/1/2016,7/31/2017,855,F31AI126863,SCHOOLS OF MEDICINE,PA-14-148,1F31AI126863-01,NIAID:38796\,"TRAINING, INDIVIDUAL",2016,NATIONAL INSTITUTE OF ALLERGY AND INFECTIOUS DISEASES,,NEW YORK,UNITED STATES,MICROBIOLOGY/IMMUN/VIROLOGY,13,78861598,US,ICAHN SCHOOL OF MEDICINE AT MOUNT SINAI,NY,100296574,"Project Narrative Approximately 3% of the world's population is infected with Hepatitis C virus, which is responsible for the majority of liver transplants and liver cancers in the Western Hemisphere. The current poor understanding of HCV's strict species-tropism currently impedes the development of an immunocompetent animal model that can greatly aid in effective vaccine and treatment studies. We will study how host and viral determinants that limit HCV infection across a range of species influence HCV species-tropism and how overcoming these limitations can lead to understanding of host-pathogen interactions.",10865967; ,"GRAY, ESSANNA SEQUEL;","ADGER-JOHNSON, DIANE S.",8/1/2016,7/31/2019,Adaptor Signaling Protein; Amino Acids; Animal Model; Animals; anti-hepatitis C; Antiviral Agents; Bacteriophages; base; CD81 gene; Cell Line; Cells; Cleaved cell; cost; Development; Discipline; Event; Evolution; Exhibits; Ferrets; fitness; Generations; Genetic; Genotype; global health; Goals; HCV Animal Models; Hepatitis C; Hepatitis C Vaccine; Hepatitis C virus; Hepatitis C-Like Viruses; Hepatocyte; HepG2; Human; Human Cell Line; Immune; Immune response; Immune system; Immunocompetent; in vivo; Individual; Infection; innovation; insight; Integration Host Factors; Interferons; Knock-out; Lead; Life Cycle Stages; liver transplantation; Malignant neoplasm of liver; Maps; Mediating; Methods; Mitochondria; Modeling; Monitor; mutant; Mutation; Natural Immunity; Natural immunosuppression; occludin; Orthologous Gene; Pan Genus; pathogen; Pathogenesis; Patients; Peptide Hydrolases; Pharmaceutical Preparations; Population; Predisposition; Process; Proteins; Research; research study; Resistance; response; Signal Transduction; Species Specificity; Staging; System; Tight Junctions; Tissues; Tropism; United States; vaccine development; Vaccines; Variant; Viral; Viral Genome; Virus; virus genetics; Virus Replication; virus tropism; ,Host and viral determinants of hepatitis C virus species tropism,126863,ZRG1,Special Emphasis Panel ,,,1,38796,,38796,
9257231,F30,AG,1,N,9/15/2016,9/19/2016,9/18/2017,866,F30AG055256,SCHOOLS OF MEDICINE,PA-14-150,1F30AG055256-01,NIA:48478\,"TRAINING, INDIVIDUAL",2016,NATIONAL INSTITUTE ON AGING,,PHILADELPHIA,UNITED STATES,INTERNAL MEDICINE/MEDICINE,2,42250712,US,UNIVERSITY OF PENNSYLVANIA,PA,191046205,"Project Narrative  During the menopause transition, many healthy women with no history of cognitive dysfunction experience subjective difficulties with sustained attention, motivation for work, organization and working memory. The proposed project aims to determine 1) whether early life adversity and serotonin system vulnerability contribute to executive system dysfunction among menopausal women and 2) the role of estradiol in protecting against this dysfunction. This project is a necessary step towards the identification of biomarkers for risk of cognitive decline during menopause, which could be used to develop novel therapeutics. !",14414410; ,"SHANMUGAN, SHEILA ;","NIELSEN, LISBETH ",9/19/2016,9/18/2019,Adverse effects; Affect; Attenuated; Back; behavior measurement; Behavioral; Biological; biomarker identification; Brain; Childhood; Cognitive; cognitive change; Data; Development; Early identification; Estradiol; Estrogen Therapy; Estrogens; Executive Dysfunction; executive function; experience; flexibility; Functional disorder; Functional Magnetic Resonance Imaging; Gene Expression; Goals; gray matter; Human; Hypogonadism; Image; Impaired cognition; Individual; interest; Left; Life; Life Stress; Magnetic Resonance Imaging; Measures; Mediating; Menopause; middle age; Molecular; Motivation; MRI Scans; Multimodal Imaging; nonhuman primate; novel therapeutics; Outcome; Performance; Placebos; Play; Population; preclinical study; Prefrontal Cortex; Randomized; Recording of previous events; relating to nervous system; Research Personnel; response; Rest; Risk; Role; segregation; Serotonergic System; Serotonin; sex; Short-Term Memory; Stress; sustained attention; System; targeted treatment; Task Performances; Testing; Training; Treatment outcome; Tryptophan; Tryptophan 5-monooxygenase; Woman; Work; ,Effects of tryptophan depletion and adverse childhood experiences on neural markers of executive function in menopausal women,55256,ZRG1,Special Emphasis Panel ,,,1,48478,,48478,
9257855,F31,AG,1,N,9/16/2016,9/16/2016,9/15/2017,866,F31AG055257,SCHOOLS OF MEDICINE,PA-14-147,1F31AG055257-01,NIA:38029\,"TRAINING, INDIVIDUAL",2016,NATIONAL INSTITUTE ON AGING,,SEATTLE,UNITED STATES,GENETICS,7,605799469,US,UNIVERSITY OF WASHINGTON,WA,981959472,"Project Narrative  The mechanisms of aging and life span modulation likely include multiple cellular processes, however the range of molecular phenotypes that cells display as they age under different contexts and genetic backgrounds is not well understood. The proposed research uses state-of-the-art biochemical and proteomic tools to characterize the molecular phenotypes of life span extension in yeast to reveal novel protein members of established processes and discover processes not yet associated with yeast longevity.",12454293; ,"PINO, LINDSAY K;","VELAZQUEZ, JOSE M.",9/16/2016,9/15/2019,abstracting; Age; Aging; Analysis of Variance; base; Biochemical; Biological Assay; Biological Models; Biological Process; Cell Aging; Cell physiology; Cells; Characteristics; Collaborations; Complex; Data Analyses; deletion library; Detection; detection of nutrient; dietary restriction; differential expression; Disease; Dose; Eukaryota; Future; Genetic; Genome; genome database; Genotype; Glucose; Health; Human; improved; Individual; inhibitor/antagonist; innovation; insight; Intervention; Investigation; Life; Longevity; Mass Spectrum Analysis; Measures; member; Mentors; Metabolic; Methods; Mitochondria; Modeling; Molecular; molecular phenotype; Molecular Profiling; Mothers; mTOR Signaling Pathway; Mus; mutant; novel; Organism; Pathway interactions; Peptides; Phenotype; Polygenic Traits; Process; Proteins; Proteome; proteomic signature; Proteomics; Quality of life; Research; research study; Resources; Respiration; response; Saccharomyces; Saccharomyces cerevisiae; Saccharomycetales; Sampling; senescence; Sirolimus; statistics; System; Therapeutic; Therapeutic Studies; Time; tool; Work; yeast genome; Yeasts; ,Molecular phenotyping of the yeast replicative life span response to genetic and environmental modulators,55257,ZRG1,Special Emphasis Panel ,,,1,38029,,38029,
9258052,F31,NR,1,N,9/22/2016,9/30/2016,9/29/2017,361,F31NR016895,SCHOOLS OF NURSING,PA-14-147,1F31NR016895-01,NINR:40326\,"TRAINING, INDIVIDUAL",2016,NATIONAL INSTITUTE OF NURSING RESEARCH,,UNIVERSITY PARK,UNITED STATES,NONE,5,3403953,US,PENNSYLVANIA STATE UNIVERSITY-UNIV PARK,PA,168027000,"Project Narrative Rural heart failure patients are more likely to experience poor health outcomes when compared to urban counterparts; however, the impact of rurality on ventricular assist device (VAD) outcomes in advanced heart failure patients is unknown despite the growing number of VAD patients worldwide. The aims of the proposed study examine the relationship between rurality and VAD outcomes including clinical outcomes (death, adverse events and hospital admissions) and patient-reported health-related quality of life. Ultimately, the goal is to identify disparities imposed by geographic location to improve the overall health of rural VAD patients.",12277554; ,"ALONSO, WINDY ;","BANKS, DAVID ",9/30/2016,6/29/2018,abstracting; Address; Adherence; Admission activity; Adult; Adverse event; Affect; base; biobehavior; Caring; Cessation of life; Clinical; Complex; Data; Development; Devices; Diagnosis; Discipline of Nursing; Disease; Effectiveness; Eligibility Determination; Emergency Situation; experience; follow-up; Future; Geographic Locations; Goals; Health; health related quality of life; Health Sciences; Healthcare; Heart failure; Heart Transplantation; high risk; Hospitalization; Hospitals; Implant; implantation; improved; Incidence; Inpatients; Institution; Interagency Registry for Mechanically Assisted Circulatory Support; Intervention; Knowledge; Left; Length of Stay; Life; Life Experience; Life Style; Mechanics; Medical; Medical center; meetings; mortality; Oregon; Organ; Organ Donor; Outcome; Patient Admission; patient stratification; Patients; Population; Postdoctoral Fellow; preimplantation; Process; programs; Qualifying; Qualitative Research; Quality of life; Regimen; Reporting; Research; Residencies; response; Risk; Rural; rural area; rural disparities; Rural Health; Services; skills; Symptoms; Technology; Time; Transplant Recipients; Transplantation; United States; Universities; urban area; ventricular assist device; ,Identifying Disparities: Rural-Urban Comparison in Mechanical Circulatory Support,16895,NRRC,National Institute of Nursing Research Initial Review Group ,,,1,40326,,40326,
9191266,F32,AI,1,N,6/14/2016,7/1/2016,6/30/2017,855,F32AI122643,SCHOOLS OF MEDICINE,PA-14-149,1F32AI122643-01A1,NIAID:58002\,"TRAINING, INDIVIDUAL",2016,NATIONAL INSTITUTE OF ALLERGY AND INFECTIOUS DISEASES,,LOS ANGELES,UNITED STATES,MICROBIOLOGY/IMMUN/VIROLOGY,33,92530369,US,UNIVERSITY OF CALIFORNIA LOS ANGELES,CA,900952000,"PROJECT NARRATIVE Trichomonas vaginalis is a protozoan parasite that causes the most common non-viral sexually transmitted infection in the United States and worldwide, but the immune response to the parasite is sorely undercharacterized. Drug resistant strains of Trichomonas vaginalis are increasing, and the parasite is associated with myriad reproductive complications, and increased incidences of HIV infection, cervical cancer, and prostate cancer. The proposed study aims to characterize how Trichomonas vaginalis is cleared by the immune system, and how the immune response to the parasite causes inflammation that may lead to pathology, in order to inform immunotherapy interventions.",10141325; ,"MERCER, FRANCES ;","HILTKE, THOMAS J.",7/1/2016,6/30/2018,Acute; acute symptom; Affect; arm; base; Biological Assay; Bite; Blood; cancer complication; cell killing; Cell Line; cell type; Cells; Cessation of life; Chemicals; Chronic; Clinical; Clinical Research; Coculture Techniques; Cues; cytokine; Cytolysis; Data; design; DNA; Drug resistance; Effector Cell; Epithelial; Epithelial Cells; Exposure to; extracellular; fighting; Flow Cytometry; Heating; High Prevalence; HIV; HIV Infections; Human; IL8 gene; Image; Immobilization; Immune; immune clearance; Immune response; Immune system; Immunity; immunogenic; Immunotherapy; In Vitro; Incidence; Infection; Inflammation; Inflammatory; Inflammatory Response; inhibitor/antagonist; Intervention; Killings; Knowledge; Laboratories; Lead; Life; Link; live cell imaging; Low Birth Weight Infant; Lytic; Malignant neoplasm of cervix uteri; Malignant neoplasm of prostate; Malignant Neoplasms; Measures; Mediating; Membrane; microscopic imaging; Monitor; mouse model; Mus; Neoplasms; neutrophil; Nuclear; Outcome; Parasites; pathogen; Pathogenesis; Pathology; Patients; Pelvic Inflammatory Disease; Predisposition; Process; programs; reproductive; resistant strain; response; Risk; Role; Sexually Transmitted Diseases; Signal Transduction; Site; System; Testing; Therapeutic Intervention; Tissues; Translating; Trichomonas Infections; Trichomonas vaginalis; United States; Vagina; Work; ,Human Neutrophil Response to Trichomonas vaginalis,122643,ZRG1,Special Emphasis Panel ,,A1,1,58002,,58002,
9204016,F31,GM,1,N,9/15/2016,9/16/2016,9/15/2017,859,F31GM123537,,PA-14-147,1F31GM123537-01,NIGMS:43576\,"TRAINING, INDIVIDUAL",2016,NATIONAL INSTITUTE OF GENERAL MEDICAL SCIENCES,,BRONX,UNITED STATES,,14,79783367,US,"ALBERT EINSTEIN COLLEGE OF MEDICINE, INC",NY,104611975,"Despite recent advancements in treatment, HIV-1 currently has no cure. For my project, I propose early stage experiments in the development of a self-sustained therapeutic that would involve mechanistic study and cell culture proof-of-concept experiments that explore the potential for novel therapeutic applications to control HIV- 1. If successful, my project is likely to lead to development of novel genome engineering approaches to prevent production of HIV-1 particles from acutely as well as latently infected cells.",12384419; ,"BOCK, ESTAH LEAH;","SAKALIAN, MICHAEL ",9/16/2016,9/15/2019,Acute; adeno-associated viral vector; Affect; Binding; Binding Proteins; Biochemical; Biological Assay; CCR5 gene; Cell Culture Techniques; Cell membrane; Cell Survival; Cells; Centrifugation; chromatin remodeling; Co-Immunoprecipitations; Code; Complex; CRISPR/Cas technology; Cytoplasm; Development; Developmental Therapeutics Program; DNA; Dominant-Negative Mutation; Event; gag Gene Products; gag-pol Fusion Proteins; Gene Expression; Gene Targeting; gene therapy; Gene Transduction Agent; Genetic; Genetic Transcription; Genome; Genome engineering; genomic RNA; Goals; Higher Order Chromatin Structure; HIV; HIV-1; Immunoblotting; improved; Infection; Infection prevention; Integrase; Integration Host Factors; Knowledge; Laboratories; Lead; Life Cycle Stages; Light; Location; Mediating; membrane assembly; Modification; Monitor; Mutation; Nature; novel; novel strategies; novel therapeutics; Nuclear Protein; nuclease; particle; Patients; Pharmaceutical Preparations; Play; prevent; Production; Protease Inhibitor; protein transport; Proteins; Proviruses; Public Health; research study; Reverse Transcription; RNA-Directed DNA Polymerase; Role; Site; site-specific integration; SMARCB1 gene; Staging; Structural Genes; SWI/SNF Family Complex; T-Lymphocyte; Testing; Therapeutic; Therapeutic Intervention; therapeutic target; trafficking; Translating; Translations; Viral; Viral Load result; Viral Proteins; Viral reservoir; Viral Structural Proteins; Virion; Virus Assembly; ,Mechanistic Study and Gene Targeting to Block HIV Assembly by IN-Binding Protein,123537,ZRG1,Special Emphasis Panel ,,,1,43576,,43576,
9256878,F31,MH,1,N,8/24/2016,9/1/2016,8/31/2017,242,F31MH110096,SCHOOLS OF MEDICINE,PA-14-147,1F31MH110096-01A1,NIMH:34148\,"TRAINING, INDIVIDUAL",2016,NATIONAL INSTITUTE OF MENTAL HEALTH,,BIRMINGHAM,UNITED STATES,ANATOMY/CELL BIOLOGY,7,63690705,US,UNIVERSITY OF ALABAMA AT BIRMINGHAM,AL,352940001,"Project Narrative NMDAR antagonists are used to treat Major Depressive Disorder (MDD), although a clear understanding of their mechanism is unknown. This proposal tests how ketamine and other mechanistically different NMDAR antagonists rapidly alter the excitation/inhibition balance in synaptic circuits impacted by depression and whether the key NMDARs are located on GABAergic interneurons or excitatory pyramidal cells.",12604672; ,"WIDMAN, ALLIE ;","DRISCOLL, JAMIE ",9/1/2016,8/31/2018,antidepressant effect; Antidepressive Agents; Attention; Behavior; Brain region; Cerebral cortex; Cholecystokinin; density; Depressed mood; depressed patient; Development; Disinhibition; Dose; Electrophysiology (science); Equilibrium; Excision; Functional disorder; Future; Genetic; genetic approach; Glycine; Goals; Hippocampus (Brain); Hour; improved; Interneurons; intraperitoneal; Intravenous; intravenous administration; Ketamine; Knowledge; Lead; Learning; Location; Major Depressive Disorder; Measures; Mediating; Mental Depression; Moods; Mus; Myoepithelial cell; neural circuit; NMDA receptor A1; NMDA receptor antagonist; novel; Parvalbumins; Patients; pre-clinical; preclinical study; Prefrontal Cortex; Property; Protein Biosynthesis; Pyramidal Cells; research study; response; Rodent; Rodent Model; Side; Signal Pathway; Site; Synapses; synaptic inhibition; Testing; Therapeutic; Transgenic Mice; transmission process; treatment-resistant depression; Vertebral column; ,Effects of NMDA Receptor Antagonists on Hippocampal Circuits,110096,ZRG1,Special Emphasis Panel ,,A1,1,34148,,34148,
9261771,F31,CA,1,N,9/13/2016,9/30/2016,9/29/2017,398,F31CA213985,SCHOOLS OF MEDICINE,PA-14-148,1F31CA213985-01,NCI:29609\,"TRAINING, INDIVIDUAL",2016,NATIONAL CANCER INSTITUTE,,CHAPEL HILL,UNITED STATES,INTERNAL MEDICINE/MEDICINE,4,608195277,US,UNIV OF NORTH CAROLINA CHAPEL HILL,NC,275990001,Narrative I propose to elucidate potential gene expression differences in the context of HIF2? (H2) and HIF1? + HIF2? (H1H2) expressing ccRCC cells as well as define the mechanism of MYC-dependent regulation of HIF? stability within ccRCC.! !,12518888; ,"SMITH, ALEISHA MONIQUE;","MCNEIL, NICOLE E",9/30/2016,6/29/2019,abstracting; Accounting; Adult; base; Binding; Breast Cancer cell line; CDKN2A gene; Cell Cycle Arrest; Cell Cycle Progression; Cell Line; Cells; Cessation of life; ChIP-seq; Chromatin; Clear Cell; Complex; Coupled; Data; DNA Sequence Alteration; Engineering; FRAP1 gene; Gene Expression; gene product; Gene Targeting; Generations; Genes; Genetic Engineering; Genome; genome-wide; Genomic Instability; Goals; HIF1A gene; Histologic; Histology; Human; Hypoxia; Kidney; Malignant Epithelial Cell; Malignant Neoplasms; Mediating; men; Messenger RNA; Modeling; Molecular Target; mouse model; Mutation; next generation sequencing; novel; overexpression; Oxygen; Patients; programs; Proteins; Proto-Oncogenes; receptor; Regulation; Renal carcinoma; Renal Cell Carcinoma; Research; response; Role; Sequence Analysis; Shapes; targeted treatment; transcription factor; transcriptome sequencing; tumor; Tumor Suppressor Genes; Tumor-Suppressor Gene Inactivation; tumorigenesis; ubiquitin-protein ligase; United States; Vascular Endothelial Growth Factors; VHL gene; Woman; ,Investigating HIF-MYC Interactions within a Clear Cell Renal Cell Carcinoma Murine Model,213985,ZRG1,Special Emphasis Panel ,,,1,29609,,29609,
9256932,F31,AG,1,N,9/15/2016,9/30/2016,9/29/2017,866,F31AG055262,SCHOOLS OF ARTS AND SCIENCES,PA-14-147,1F31AG055262-01,NIA:31691\,"TRAINING, INDIVIDUAL",2016,NATIONAL INSTITUTE ON AGING,,BOSTON,UNITED STATES,PSYCHOLOGY,7,49435266,US,BOSTON UNIVERSITY (CHARLES RIVER CAMPUS),MA,22151390,"PROJECT NARRATIVE Aerobic exercise is considered to be one of the most effective protective factors that promotes healthy brain aging and attenuates cognitive decline in relation to aging, but the mechanism behind this is not yet well understood. This project addresses the possibility that cardio-respiratory fitness may be a factor that regulates the function of the hippocampal memory system targeted in aging. Importantly, this project investigates the role of fitness across adulthood in hopes of providing evidence for targeted implementation of aerobic exercise interventions at crucial points throughout the lifespan.",12110856; ,"NAUER, RACHEL K;","WAGSTER, MOLLY V.",9/30/2016,9/29/2019,Address; Adult; adult neurogenesis; Aerobic; Aerobic Exercise; Affect; Age; age effect; age group; age related; Aging; aging brain; aging population; Alzheimer's Disease; Animal Model; Attenuated; Behavioral; Brain; Brain region; Cognitive; cognitive neuroscience; cost; Data; dentate gyrus; Disease; Elderly; entorhinal cortex; Episodic memory; Exercise; Exercise intervention; Exercise Physiology; Experimental Designs; fitness; Foundations; Functional Magnetic Resonance Imaging; Future; Goals; hippocampal subregions; Hippocampus (Brain); Human; Impaired cognition; improved; Individual; inter-individual variation; Intervention; Knowledge; Learning; Link; Longevity; Memory; Methods; middle age; Neurobehavioral Manifestations; neurobiological mechanism; Neurodegenerative Disorders; neuroimaging; neuromechanism; Neurons; newborn neuron; novel; Older Population; Outcomes Research; Pathology; Pattern; Performance; Physical Fitness; Population; pre-clinical; predictive marker; Prevalence; Preventive Intervention; Process; rapid growth; Research; Research Project Grants; research study; Resolution; respiratory; Role; Signal Transduction; skills; Specific qualifier value; Staging; Stimulus; System; Task Performances; Time; Training; Variant; young adult; ,Modulatory Effects of Fitness on Hippocampal Dependent Memory Across the Lifespan,55262,ZRG1,Special Emphasis Panel ,,,1,31691,,31691,
9258744,F31,NR,1,N,9/23/2016,9/30/2016,9/29/2017,361,F31NR016621,SCHOOLS OF NURSING,PA-14-147,1F31NR016621-01A1,NINR:35436\,"TRAINING, INDIVIDUAL",2016,NATIONAL INSTITUTE OF NURSING RESEARCH,,MILWAUKEE,UNITED STATES,NONE,4,46929621,US,MARQUETTE UNIVERSITY,WI,532011881,"PROJECT NARRATIVE The purpose of this study is to explore the association between psychological stress and biomarkers of ovarian function in female survivors of childhood cancer, a population at increased risk of reproductive dysfunction. The findings from this study will increase our understanding of anti- Müllerian hormone (AMH) as a biomarker of reproductive function, and enable the applicant to launch a program of research on biobehavioral factors affecting ovarian function.",14324523; ,"HARDY, THERESA ;","BANKS, DAVID ",9/30/2016,6/29/2018,Acute; Adrenal Glands; Adult; Affect; Aftercare; Age; Aging; American Society of Clinical Oncology; Anti-inflammatory; Anti-Inflammatory Agents; biobehavior; Biological; biological adaptation to stress; Biological Markers; Biological Preservation; Cancer Center; Cancer Patient; Cancer Survivor; cancer therapy; Characteristics; Child; Childhood; childhood cancer survivor; Chronic stress; Clinical; clinical practice; Cohort Studies; Complex; cytokine; Data; Enrollment; Enzyme-Linked Immunosorbent Assay; Etiology; experience; Female; Fertility; Follicle Stimulating Hormone; follow-up; Functional disorder; Future; Glucocorticoids; Goals; gonad function; Gonadotropins; Growing Follicle; Guidelines; Hair; Health Personnel; Hormonal; Hospitals; Hydrocortisone; Hypothalamic structure; hypothalamic-pituitary-adrenal axis; improved; Individual; Infertility; Inflammatory; Interleukin-6; Knowledge; Laboratories; Late Effects; Linear Regressions; Luteinizing Hormone; Malignant Childhood Neoplasm; Measures; Medical Research; Menstrual cycle; Menstruation; Mentors; Modeling; mullerian-inhibiting hormone; Non-linear Models; Ovarian; ovarian failure; Ovarian Follicle; Ovary; Patients; Periodicity; Pituitary Gland; Population; Predictive Value; Premature Ovarian Failure; Procedures; Process; programs; Psychological Stress; Quality of life; Reporting; reproductive; reproductive function; Reproductive Physiology; Research; Research Institute; Research Project Grants; Risk; Salivary; Sampling; Serum; Stress; Survival Rate; Survivors; Testing; The Sun; Training Programs; treatment effect; Treatment/Psychosocial Effects; Visit; ,Chronic Stress and Reproductive Function in Female Cancer Survivors,16621,NRRC,National Institute of Nursing Research Initial Review Group ,,A1,1,35436,,35436,
9121078,F32,HD,1,N,9/22/2016,9/30/2016,9/29/2017,865,F32HD085576,SCHOOLS OF MEDICINE,PA-14-149,1F32HD085576-01A1,NICHD:58002\,"TRAINING, INDIVIDUAL",2016,EUNICE KENNEDY SHRIVER NATIONAL INSTITUTE OF CHILD HEALTH & HUMAN DEVELOPMENT,,MINNEAPOLIS,UNITED STATES,PEDIATRICS,5,555917996,US,UNIVERSITY OF MINNESOTA,MN,554552070,"PUBLIC HEALTH RELEVANCE: Iron deficiency affects approximately 2 billion people worldwide and causes significant neurobehavioral abnormalities in children (e.g. learning and memory deficits). These persist into adulthood despite iron repletion, thus constituting the real cost to society in terms of education and job potential loss. An understanding of the responsible cellular mechanisms is necessary in order to develop more effective therapies that prevent the long-lasting effects. This proposal tests the hypothesis that reduced neuronal energy status and mitochondrial function early in life forms the mechanistic basis for the blunted neuronal maturation observed in the hippocampus following iron deficiency during development.",12431180; ,"BASTIAN, THOMAS W.;","KROTOSKI, DANUTA ",9/30/2016,9/29/2019,Accounting; Acute; Address; Adolescence; Adult; Affect; Anemia; Apical; Area; Attenuated; base; Behavioral; Biochemical; Bioenergetics; Biogenesis; Brain; Brain region; career; Cell Culture Techniques; Cells; Child; Chronic; clinically relevant; Cognitive; cost; cytochrome c oxidase; Data; Dendrites; Dendritic Spines; density; design; Development; Education; effective therapy; Energy Metabolism; Enzymes; Failure; fetal; Fetal Therapies; Foundations; Future; Generations; Genetic; Genus Hippocampus; global health; Glycolysis; Goals; Health; Hippocampus (Brain); Impairment; improved; infancy; Infant; Intervention; Iron; iron deficiency; Iron deficiency anemia; Knowledge; Learning; Life; live cell imaging; live cell microscopy; Long-Term Effects; Measures; Memory; Memory impairment; Metabolic; Metabolism; Methylene blue; Microscopy; Mitochondria; Molecular; Morphology; Motor; Movement; Mus; Neonatal; neonatal brain; neurobehavioral; neurodevelopment; Neurodevelopmental Deficit; Neurologic; Neurologic Dysfunctions; neuron development; neuron loss; Neuronal Dysfunction; Neurons; Newborn Infant; Nutrition Disorders; Nutritional Study; Occupations; Outcome; Oxidative Phosphorylation; Oxygen Consumption; Pattern; Potential Energy; Pregnant Women; prenatal therapy; prevent; Process; Production; psychosocial; public health relevance; Recovery; Regulation; Research; Research Personnel; Respiration; Rodent; Role; skills; Societies; Staging; Structural defect; synaptic function; synaptogenesis; Techniques; Testing; Toddler; trafficking; Training; Vertebral column; ,Impaired energy status and mitochondrial dynamics as causal factors for hippocampal neuron structuralabnormalities during developmental iron deficiency,85576,ZRG1,Special Emphasis Panel ,,A1,1,58002,,58002,
9123197,F32,GM,1,N,5/4/2016,5/4/2016,5/3/2017,859,F32GM119319,SCHOOLS OF MEDICINE,PA-14-149,1F32GM119319-01,NIGMS:62010\,"TRAINING, INDIVIDUAL",2016,NATIONAL INSTITUTE OF GENERAL MEDICAL SCIENCES,,STANFORD,UNITED STATES,BIOMEDICAL ENGINEERING,18,9214214,US,STANFORD UNIVERSITY,CA,943041222,"PUBLIC HEALTH RELEVANCE: Bacteriophages mediate horizontal gene transfer (HGT), the exchange of novel genetic materials between bacteria, transforming otherwise benign bacteria into human pathogens and driving the rapid emergence of pathogens resistant to existing treatments. Accordingly, there is a critical need to elucidate when, where, and how phage-mediated HGT occurs. Our proposal focuses on using novel technologies to answer these questions for bacteriophage lambda and its host, E. coli.",7747756; ,"VAN VALEN, DAVID A;","WILLIS, KRISTINE AMALEE",5/4/2016,5/3/2018,Algorithms; Automobile Driving; Bacteria; Bacterial Physiology; Bacteriophage lambda; Bacteriophages; base; Benign; Biochemical; Biological Models; Biology; Carbon; Cell Size; Cells; cellular imaging; Computer Vision Systems; Consensus; Coupled; Cytolysis; Data; Data Analyses; Decision Making; Development; Disease; DNA; Enzymes; Escherichia coli; Genetic; Genetic Materials; genetic regulatory protein; Genome; Goals; Health; Horizontal Gene Transfer; Human; Image; imaging Segmentation; Individual; Infection; Label; Lead; Learning; Libraries; Literature; live cell imaging; Lysogeny; Lytic; Manuals; Measurement; Measures; Mediating; microbial; Modeling; Modern Medicine; Molecular; Molecular Target; new technology; novel; Outcome; pathogen; Peptide Hydrolases; Phosphorus; Physiological; Physiology; Plasmids; Play; Probability; Process; protein function; Proteins; public health relevance; Regulatory Element; Reporter; Reporting; research study; Resistance; Role; Source; System; Technology; Temperature; Testing; transcription factor; Viral Physiology; Viral Proteins; Viral Regulatory Proteins; Virus; virus host interaction; Weight; Work; ,Understanding host-virus interactions at the single cell level,119319,ZRG1,Special Emphasis Panel ,,,1,62010,,62010,
9124519,F31,AG,1,N,8/1/2016,9/30/2016,9/29/2017,866,F31AG051381,SCHOOLS OF MEDICINE,PA-14-147,1F31AG051381-01A1,NIA:35017\,"TRAINING, INDIVIDUAL",2016,NATIONAL INSTITUTE ON AGING,,LOS ANGELES,UNITED STATES,NEUROLOGY,33,92530369,US,UNIVERSITY OF CALIFORNIA LOS ANGELES,CA,900952000,"PUBLIC HEALTH RELEVANCE: Cognitive decline occurs in women during menopause following the loss of the neuroprotective effects of estrogen and is associated with the etiology of Alzheimer's disease, but there are no therapeutics currently recommended or being evaluated in clinical trials to prevent this cognitive decline. With an aging female population, ths lack of therapeutics comes at a tremendous socioeconomic cost, and treatments that could delay or prevent the onset of cognitive decline during menopause remain an unmet, yet pressing clinical need. We propose a novel strategy to prevent cognitive decline in a preclinical menopause model through estrogen receptor ? (ER?)-mediated neuroprotection, which would be safe and effective for translational dosing in human clinical trials, and we aim to determine the cellular mediator of estrogen's neuroprotective effects in the hippocampus and to characterize the estrogen-sensitive transcriptome in the hippocampal neurons, to ultimately advance our understanding of how estrogens promote hippocampal synaptic plasticity and function to improve the cognitive health of menopausal women worldwide.",11562638; ,"KAMMEL, LAURA ;","WAGSTER, MOLLY V.",9/30/2016,9/29/2018,Adult; Age; age related; Aging; aging hippocampus; Alzheimer's Disease; Andropause; Behavioral; Breast; cardiovascular disorder risk; cell type; Cells; cellular targeting; Chronic; Clinical; Clinical Trials; clinically relevant; Cognitive; cognitive function; Decision Making; Disease; Dose; Electrophysiology (science); Estriol; Estrogen Receptor alpha; Estrogen Receptor beta; Estrogens; Etiology; Female; Formulation; Gene Expression; Genes; Goals; Gonadal Steroid Hormones; Health; Hippocampus (Brain); Hormone replacement therapy; hormone therapy; Human; Impaired cognition; improved; innovation; Knock-out; Knockout Mice; male; Mediating; Mediator of activation protein; Memory; men; Menopausal Symptom; Menopause; middle age; Mission; Modeling; Molecular Target; morris water maze; Mus; National Institute on Aging; Nerve Degeneration; Neurologic; Neurons; neuropathology; neuroprotection; novel strategies; older women; Operative Surgical Procedures; Outcome Measure; Ovarian; Ovariectomy; Peripheral; Population; postsynaptic density protein; pre-clinical; Predisposition; Premature Menopause; prevent; Production; protective effect; Proteins; public health relevance; Quality of life; Regulation; Research; Research Training; Risk; Rodent; Slice; socioeconomics; spatial memory; Synapses; synaptic function; Synaptic plasticity; Synaptophysin; Testosterone; Therapeutic; Tissues; transcriptome; Treatment Cost; treatment strategy; Woman; Work; World Health Organization; ,Estrogen Receptor Beta-Targeted Treatment to Maintain Cognitive Function During Menopause,51381,ZRG1,Special Emphasis Panel ,,A1,1,35017,,35017,
9256843,F31,NR,1,N,9/22/2016,9/30/2016,9/29/2017,361,F31NR016385,GRADUATE SCHOOLS,PA-14-147,1F31NR016385-01A1,NINR:43576\,"TRAINING, INDIVIDUAL",2016,NATIONAL INSTITUTE OF NURSING RESEARCH,,NEW HAVEN,UNITED STATES,NONE,3,43207562,US,YALE UNIVERSITY,CT,65208327,"PROJECT RELEVANCE Exposure to stressful environments in early childhood can cause a toxic stress response, and subsequently lead to poor health outcomes including obesity, cardiac disease, diabetes and mental illness. The purpose of this study is to examine maternal caregiving characteristics that may protect against the physiological, health and behavioral indicators of a toxic stress response in children within families at high risk for exposure to stressors such as poverty, trauma or exposure to violence.",12410508; ,"CONDON, EILEEN ;","BANKS, DAVID ",9/30/2016,9/29/2018,abuse neglect; Address; Adult; Age; Alcoholism; Animals; Architecture; Behavior; Behavioral; behavioral health; behavioral outcome; biological adaptation to stress; Blood Pressure; Body mass index; Brain; Buffers; Cardiovascular Diseases; Cardiovascular Physiology; Cardiovascular system; career; Caregivers; caregiving; Characteristics; Child; Child Rearing; Childhood; Clinical Trials; Cognitive; Communities; Complex; cytokine; Data; design; Development; Diabetes Mellitus; Discipline of Nursing; disorder prevention; disparity reduction; early childhood; Emotional; Environment; Ethnic Origin; experience; Exposure to; externalizing behavior; Family; Foundations; Future; Gender; Growth; Hair; Health; health disparity; Health Promotion; Heart Diseases; high risk; Human; Hydrocortisone; Immune; impaired brain development; Inflammatory; intervention effect; Investigation; Knowledge; Language; Lead; Life; Link; Longevity; maltreated children; maternal caregiving; Mental Depression; Mental disorders; Mental Health; mental state; Metabolic; Minority; Modeling; Mothers; Neurosecretory Systems; Nursing Research; Obesity; Outcome; parental role; Pattern; physical conditioning; Physiological; Poverty; Proteins; Race; Recording of previous events; Research; Research Activity; Research Design; Research Methodology; Research Personnel; Risk; Salivary; Sampling; School-Age Population; Science; skills; social; social health determinants; Staging; Strategic Planning; Stress; stressor; System; Taxonomy; Testing; therapy design; therapy development; Training; Trauma; Underserved Population; Violence; ,Toxic Stress and Protective Factors in Multiethnic School Age Children,16385,NRRC,National Institute of Nursing Research Initial Review Group ,,A1,1,43576,,43576,
9266228,Y01,NS,,N,,,,853,Y01NS130040,,,ANS13004001-1-0-1,NINDS:45600\,INTERAGENCY AGREEMENTS,2016,NATIONAL INSTITUTE OF NEUROLOGICAL DISORDERS AND STROKE,,,,,,,,NATIONAL INSTITUTE OF NEUROLOGICAL DISORDERS AND STROKE,,,,; ,",  ;",,,,Address; Baltimore; base; Businesses; Cerebral hemisphere hemorrhage; Chelating Agents; clinical research site; Clinical Trials; computer generated; computerized; Contracts; Controlled Environment; Data Coordinating Center; data management; Deferoxamine; Deferoxamine Methanesulfonate; drug distribution; Electronic Mail; Electronics; Equipment and supply inventories; Expressed Sequence Tags; Futility; Health; Hour; Human; Iron; Label; Licensing; Life; Manufacturer Name; Medical; meetings; National Institute of Neurological Disorders and Stroke; Online Systems; operation; Patients; Pharmaceutical Preparations; Pharmacologic Substance; Pharmacy facility; Phase II Clinical Trials; Process; Randomized; Regulation; Reporting; Safety; Services; Shipping; Ships; Site; South Carolina; statistics; System; Telephone; Temperature; United States Dept. of Health and Human Services; Universities; Vial device; ,Deferoxamine Mesylate in Intracerebral Hemorrhage (Hi-DEF) clinical trial ,,,,,,,,,45600,
9376743,Y01,NS,,N,,,,853,Y01NS160050,,,ANS16005001-1-0-1,NINDS:4555\,INTERAGENCY AGREEMENTS,2016,NATIONAL INSTITUTE OF NEUROLOGICAL DISORDERS AND STROKE,,,,,,,,NATIONAL INSTITUTE OF NEUROLOGICAL DISORDERS AND STROKE,,,,; ,",  ;",,,,abstracting; ,CENTERS FOR DISEASE CONTROL ,,,,,,,,,4555,
